{"xmin": -121.83846331201495, "ymin": 37.276953118622814, "xmax": -121.82999599725011, "ymax": 37.28153524447029}